AuthorID,
https://youtu.be/inAmV6dEKfc,
https://youtu.be/vcOodKXzjzE,
https://youtu.be/4gElBQvcqi4,
https://youtu.be/WCtHEgEJRlY,
https://youtu.be/LJqxrYX2tiU,
https://youtu.be/W7L_6suy6fk,
https://youtu.be/pLxODJ98Kmg,
https://youtu.be/yK8C0_qNtlo,
https://youtu.be/2OaIX_vFRQg,
https://youtu.be/1RboTwF7Oig,
https://youtu.be/gRd2zO2jsQc,
https://youtu.be/I-Ynoq8b4Ug,
https://www.youtube.com/shorts/rhbuX13jsT0,
https://youtu.be/k6bECGvEw34,
https://youtu.be/mLNyxYCRBY8,
https://youtu.be/MCZ9xNoh2jU,
https://youtu.be/pTWYB_IGWQk,
https://youtu.be/BjrVT7cwQUA,
https://youtu.be/dlb7x190iTU,
https://youtu.be/ik00zvJypYY,
https://youtu.be/ucLChzE1bUk,
https://youtu.be/cFI6RXQVi7I,
